Image Identification/Filename,Image Source,Original Dimensions (WxH),Image Format,Category or Grouping
1.jpg,PlantVillage Open Dataset Repository,256x256,JPEG,Healthy
2.jpg,PlantVillage Open Dataset Repository,256x256,JPEG,Healthy
3.jpg,PlantVillage Open Dataset Repository,256x256,JPEG,Healthy
4.jpg,PlantVillage Open Dataset Repository,256x256,JPEG,Healthy
5.jpg,PlantVillage Open Dataset Repository,256x256,JPEG,Healthy
6.jpg,PlantVillage Open Dataset Repository,256x256,JPEG,Healthy
7.jpg,PlantVillage Open Dataset Repository,256x256,JPEG,Healthy
8.jpg,PlantVillage Open Dataset Repository,256x256,JPEG,Healthy
9.jpg,PlantVillage Open Dataset Repository,256x256,JPEG,Healthy
10.jpg,PlantVillage Open Dataset Repository,256x256,JPEG,Healthy
11.jpg,PlantVillage Open Dataset Repository,256x256,JPEG,Healthy
12.jpg,PlantVillage Open Dataset Repository,256x256,JPEG,Healthy
13.jpg,PlantVillage Open Dataset Repository,256x256,JPEG,Healthy
14.jpg,PlantVillage Open Dataset Repository,256x256,JPEG,Healthy
15.jpg,PlantVillage Open Dataset Repository,256x256,JPEG,Healthy
16.jpg,PlantVillage Open Dataset Repository,256x256,JPEG,Healthy
17.jpg,PlantVillage Open Dataset Repository,256x256,JPEG,Healthy
18.jpg,PlantVillage Open Dataset Repository,256x256,JPEG,Healthy
19.jpg,PlantVillage Open Dataset Repository,256x256,JPEG,Healthy
20.jpg,PlantVillage Open Dataset Repository,256x256,JPEG,Healthy
21.jpg,PlantVillage Open Dataset Repository,256x256,JPEG,Healthy
22.jpg,PlantVillage Open Dataset Repository,256x256,JPEG,Healthy
23.jpg,PlantVillage Open Dataset Repository,256x256,JPEG,Healthy
24.jpg,PlantVillage Open Dataset Repository,256x256,JPEG,Healthy
25.jpg,PlantVillage Open Dataset Repository,256x256,JPEG,Healthy
26.jpg,PlantVillage Open Dataset Repository,256x256,JPEG,Healthy
27.jpg,PlantVillage Open Dataset Repository,256x256,JPEG,Healthy
28.jpg,PlantVillage Open Dataset Repository,256x256,JPEG,Healthy
29.jpg,PlantVillage Open Dataset Repository,256x256,JPEG,Healthy
30.jpg,PlantVillage Open Dataset Repository,256x256,JPEG,Healthy
31.jpg,PlantVillage Open Dataset Repository,256x256,JPEG,Healthy
32.jpg,PlantVillage Open Dataset Repository,256x256,JPEG,Healthy
33.jpg,PlantVillage Open Dataset Repository,256x256,JPEG,Healthy
34.jpg,PlantVillage Open Dataset Repository,256x256,JPEG,Healthy
35.jpg,PlantVillage Open Dataset Repository,256x256,JPEG,Healthy
36.jpg,PlantVillage Open Dataset Repository,256x256,JPEG,Healthy
37.jpg,PlantVillage Open Dataset Repository,256x256,JPEG,Healthy
38.jpg,PlantVillage Open Dataset Repository,256x256,JPEG,Healthy
39.jpg,PlantVillage Open Dataset Repository,256x256,JPEG,Healthy
40.jpg,PlantVillage Open Dataset Repository,256x256,JPEG,Healthy
41.jpg,PlantVillage Open Dataset Repository,256x256,JPEG,Healthy
42.jpg,PlantVillage Open Dataset Repository,256x256,JPEG,Healthy
43.jpg,PlantVillage Open Dataset Repository,256x256,JPEG,Healthy
44.jpg,PlantVillage Open Dataset Repository,256x256,JPEG,Healthy
45.jpg,PlantVillage Open Dataset Repository,256x256,JPEG,Healthy
46.jpg,PlantVillage Open Dataset Repository,256x256,JPEG,Healthy
47.jpg,PlantVillage Open Dataset Repository,256x256,JPEG,Healthy
48.jpg,PlantVillage Open Dataset Repository,256x256,JPEG,Healthy
49.jpg,PlantVillage Open Dataset Repository,256x256,JPEG,Healthy
50.jpg,PlantVillage Open Dataset Repository,256x256,JPEG,Healthy
51.jpg,PlantVillage Open Dataset Repository,256x256,JPEG,Healthy
52.jpg,PlantVillage Open Dataset Repository,256x256,JPEG,Healthy
53.jpg,PlantVillage Open Dataset Repository,256x256,JPEG,Healthy
54.jpg,PlantVillage Open Dataset Repository,256x256,JPEG,Healthy
55.jpg,PlantVillage Open Dataset Repository,256x256,JPEG,Healthy
56.jpg,PlantVillage Open Dataset Repository,256x256,JPEG,Healthy
57.jpg,PlantVillage Open Dataset Repository,256x256,JPEG,Healthy
58.jpg,PlantVillage Open Dataset Repository,256x256,JPEG,Healthy
59.jpg,PlantVillage Open Dataset Repository,256x256,JPEG,Healthy
60.jpg,PlantVillage Open Dataset Repository,256x256,JPEG,Healthy
61.jpg,PlantVillage Open Dataset Repository,256x256,JPEG,Healthy
62.jpg,PlantVillage Open Dataset Repository,256x256,JPEG,Healthy
63.jpg,PlantVillage Open Dataset Repository,256x256,JPEG,Healthy
64.jpg,PlantVillage Open Dataset Repository,256x256,JPEG,Healthy
65.jpg,PlantVillage Open Dataset Repository,256x256,JPEG,Healthy
66.jpg,PlantVillage Open Dataset Repository,256x256,JPEG,Healthy
67.jpg,PlantVillage Open Dataset Repository,256x256,JPEG,Healthy
68.jpg,PlantVillage Open Dataset Repository,256x256,JPEG,Healthy
69.jpg,PlantVillage Open Dataset Repository,256x256,JPEG,Healthy
70.jpg,PlantVillage Open Dataset Repository,256x256,JPEG,Healthy
71.jpg,PlantVillage Open Dataset Repository,256x256,JPEG,Healthy
72.jpg,PlantVillage Open Dataset Repository,256x256,JPEG,Healthy
73.jpg,PlantVillage Open Dataset Repository,256x256,JPEG,Healthy
74.jpg,PlantVillage Open Dataset Repository,256x256,JPEG,Healthy
75.jpg,PlantVillage Open Dataset Repository,256x256,JPEG,Healthy
76.jpg,PlantVillage Open Dataset Repository,256x256,JPEG,Healthy
77.jpg,PlantVillage Open Dataset Repository,256x256,JPEG,Healthy
78.jpg,PlantVillage Open Dataset Repository,256x256,JPEG,Healthy
79.jpg,PlantVillage Open Dataset Repository,256x256,JPEG,Healthy
80.jpg,PlantVillage Open Dataset Repository,256x256,JPEG,Healthy
81.jpg,PlantVillage Open Dataset Repository,256x256,JPEG,Healthy
82.jpg,PlantVillage Open Dataset Repository,256x256,JPEG,Healthy
83.jpg,PlantVillage Open Dataset Repository,256x256,JPEG,Healthy
84.jpg,PlantVillage Open Dataset Repository,256x256,JPEG,Healthy
85.jpg,PlantVillage Open Dataset Repository,256x256,JPEG,Healthy
86.jpg,PlantVillage Open Dataset Repository,256x256,JPEG,Healthy
87.jpg,PlantVillage Open Dataset Repository,256x256,JPEG,Healthy
88.jpg,PlantVillage Open Dataset Repository,256x256,JPEG,Healthy
89.jpg,PlantVillage Open Dataset Repository,256x256,JPEG,Healthy
90.jpg,PlantVillage Open Dataset Repository,256x256,JPEG,Healthy
91.jpg,PlantVillage Open Dataset Repository,256x256,JPEG,Healthy
92.jpg,PlantVillage Open Dataset Repository,256x256,JPEG,Healthy
93.jpg,PlantVillage Open Dataset Repository,256x256,JPEG,Healthy
94.jpg,PlantVillage Open Dataset Repository,256x256,JPEG,Healthy
95.jpg,PlantVillage Open Dataset Repository,256x256,JPEG,Healthy
96.jpg,PlantVillage Open Dataset Repository,256x256,JPEG,Healthy
97.jpg,PlantVillage Open Dataset Repository,256x256,JPEG,Healthy
98.jpg,PlantVillage Open Dataset Repository,256x256,JPEG,Healthy
99.jpg,PlantVillage Open Dataset Repository,256x256,JPEG,Healthy
100.jpg,PlantVillage Open Dataset Repository,256x256,JPEG,Healthy
